<?xml version="1.0" encoding="UTF-8"?>
<!DOCTYPE mapper PUBLIC "-//mybatis.org//DTD Mapper 3.0//EN" "http://mybatis.org/dtd/mybatis-3-mapper.dtd" >
<mapper namespace="com.example.mapper.ProductCategoryMapper">
	<!-- 
		<cache /> 태그추가
			+ 상품 카테고리 정보는 여러 페이지에서 반복적으로 조회되는 정보다
			+ 상품 카테고리 정보는 자주 변경되는 정보가 아니다
			+ 상품 카테고리 정보에 대한 캐시를 활성화 시켜서, 
			  지정된 flushInterval 탐임이내에 상품 카테고리 정보를 요청하면
			  데이터베이스 엑세스 작없없이 메모리에 캐싱된 상품 카테고리 정보를 제공한다.
	 -->
	<cache 
		readOnly="true"
		flushInterval="60000"
		size="512"/>
	<select id = "getProductCategories" resultType="com.example.vo.ProductCategory">
		select
			category_no 		as no,
			category_name		as name,
			parent_category_no  as parentNo
		from 
			shop_product_categories
		where
			parent_category_no is null
		order by
			category_no asc
	</select>
	
	<select id = "getProductCategoryByNo" parameterType="int" resultType="com.example.vo.ProductCategory">
		select
			category_no 		as no,
			category_name		as name,
			parent_category_no  as parentNo
		from 
			shop_product_categories
		where
			category_no = #{value}
	</select>

	<select id="getProductCategoriesByParentCategoryNo" parameterType="int" resultType="com.example.vo.ProductCategory">
		select
			category_no 		as no,
			category_name		as name,
			parent_category_no  as parentNo
		from 
			shop_product_categories
		where
			parent_category_no = #{value}
		order by
			category_no asc
	</select>	

</mapper>




