<?xml version="1.0" encoding="UTF-8"?>
<!DOCTYPE mapper PUBLIC "-//mybatis.org//DTD Mapper 3.0//EN" "http://mybatis.org/dtd/mybatis-3-mapper.dtd" >
<mapper namespace="com.example.mapper.UserMapper">

	<!-- 
		<ResultMap>
			- 컬럼이름과 값을 저장하는 객체의 프로퍼티명(멤버변수명)을 매핑시킨다.
			- 주요 속성
				type: 조회결과를 저장할 클래스의 전체 이름
				id: 식별자를 지정한다.
			- 주요 태그
				<id>
					- 특정 컬럼값을 멤버변수에 매핑시킨다.
					- 기본키 컬럼
				<result>
					- 특정 컬럼값을 멤버변수에 매핑시킨다.
					- 기본키 컬럼을 제외한 나머지 컬럼
	 -->
	<resultMap type="com.example.vo.User" id="UserResultMap">
		<id column="user_no" property="no"/>
		<result column="user_id" property="id"/>
		<result column="user_password" property="password"/>
		<result column="user_name" property="name"/>
		<result column="user_email" property="email"/>
		<result column="user_tel" property="tel"/>
		<result column="user_birth" property="birth"/>
		<result column="user_deleted" property="deleted"/>
		<result column="user_created_date" property="createdDate"/>
		<result column="user_updated_date" property="updatedDate"/>
	</resultMap>
	
	<insert id="insertUser" parameterType="com.example.vo.User">
		<selectKey keyProperty="no" resultType="int" order="BEFORE">
		<!-- 
			selectKey = 항상insert 안에 사용한다.
			keyProperty 파라미터에 명시된 NO에 값을 넣어준다.  
		-->
			select
				users_seq.nextval
			from
				dual
		</selectKey>
		insert into shop_users
		(user_no, user_id, user_password, user_name, user_email, user_tel, user_birth)
		values
		(#{no}, #{id}, #{password}, #{name}, #{email}, #{tel}, #{birth})
	</insert>
	
	<update id="updateUser" parameterType="com.example.vo.User">
		update shop_users
		set
			<if test="password != null">
				user_password = #{password},
			</if>
			<if test="email != null">
				user_email = #{email},
			</if>
			<if test="tel != null">
				user_tel = #{tel},
			</if>
			<if test="deleted != null">
				user_deleted = #{deleted},
			</if>
			user_updated_date = sysdate
		where
			user_no = #{no}
	</update>
	<!-- 반복적이므로 이런식으로 표현도 가능하다. -->
	
	<select id="getUserById" parameterType="string" resultMap="UserResultMap">
		select
			*
		from
			shop_users
		where
			user_id = #{value}
	</select>
	
	<select id="getUserByEmail" parameterType="string" resultMap="UserResultMap">
		select
			*
		from
			shop_users
		where
			user_email = #{value}
	</select>
	
	<select id="getUserByNo" parameterType="int" resultMap="UserResultMap">
		select
			*
		from
			shop_users
		where
			user_no = #{value}
	</select>
	
	<select id="getAllUsers" resultMap="UserResultMap" >
		select
			*
		from
			shop_users
		order by
			user_id asc
	</select>

</mapper>
